loss,margin,positive_reward,negative_reward,deterministic_return,stochastic_return
0.0,0.0,0.0,0.0,18.06676664349785,11.580626570454717
38957.44140625,4717.365297103301,-182.35167977772653,-4899.716976881027,446.0551782047949,274.3891369476845
28102.361328125,6308.357442354783,223.85338828526437,-6084.504054069519,620.9961861768581,162.84556909995553
24369.53125,7231.698115482926,401.8224851042032,-6829.875630378723,634.6909569790931,402.3340938699512
21600.935546875,8107.749357044697,535.5032017827034,-7572.246155261993,816.9773448858684,75.94105778504841
19843.96875,8703.56756851077,618.2643568217754,-8085.303211688995,1025.5499483578947,447.48926182670203
18332.8828125,9070.929586052895,688.8707081079483,-8382.058877944946,692.2314370613603,392.15802747627396
17434.328125,9465.730020061135,734.8776478916407,-8730.852372169495,659.7201050977021,607.4224470007246
16381.87890625,9692.489235162735,784.2881553173065,-8908.201079845428,847.4669808820548,325.86410257359364
15488.2626953125,10075.535512268543,824.7685249447823,-9250.766987323761,762.748360961528,87.13412968686426
14795.609375,10154.297843396664,861.2548851370811,-9293.042958259583,720.0282860883293,535.1147425352184
14168.7744140625,10413.050685942173,893.491564810276,-9519.559121131897,838.5674433003556,690.9704676759264
13569.27734375,10629.855119526386,927.1159523129463,-9702.73916721344,870.8019678283196,581.1704986761544
12952.8310546875,10766.935406923294,953.4745628833771,-9813.460844039917,566.4808372815243,139.87648695059085
12567.40234375,10986.761028409004,980.383402466774,-10006.37762594223,745.9417893231594,259.9397205448746
12134.1552734375,11007.074928224087,991.3597077727318,-10015.715220451355,605.4313820119535,311.58656796991056
11615.669921875,11303.665009438992,1020.2919544577599,-10283.373054981232,761.7007594102382,436.6094102902831
11439.734375,11380.68579018116,1028.1702290773392,-10352.51556110382,749.4365613904477,439.1607410198305
11045.0595703125,11458.710684657097,1048.818399310112,-10409.892285346985,1659.1059044701597,441.3737515497978
10553.4794921875,11570.878812611103,1074.7825492024422,-10496.09626340866,546.8372796222111,259.3772898027426
10410.650390625,11743.851075410843,1087.6660993099213,-10656.184976100922,566.4141083200327,444.13444027182715
10166.8935546875,11841.405250132084,1092.8072953820229,-10748.597954750061,695.8672076846399,615.5421679673507
9882.0498046875,12015.496575176716,1120.4350746273994,-10895.061500549316,809.3543298267547,807.5663231483683
9602.537109375,12063.204554915428,1128.0868133306503,-10935.117741584778,792.750779998509,360.9281615029164
9370.2265625,12166.266042172909,1144.9311193823814,-11021.334922790527,515.4042032161531,329.15731451851104
9162.9755859375,12354.766186654568,1161.7860364317894,-11192.980150222778,462.23422080002695,390.48066426172903
9013.560546875,12406.077819406986,1163.3250480294228,-11242.752771377563,833.7698568592319,825.8168822068649
8820.4140625,12551.973057806492,1171.1941452622414,-11380.77891254425,767.8729663274125,373.81067015789296
8544.8720703125,12683.25617557764,1197.7931609749794,-11485.463014602661,456.1030154209267,466.78825939758707
8380.412109375,12789.752348661423,1203.0119836330414,-11586.740365028381,853.6285464744693,879.7650949447245
8134.84130859375,12822.064656496048,1220.1900951862335,-11601.874561309814,432.39724536804863,537.1926203175119
8172.68701171875,12858.194859206676,1221.9456583857536,-11636.249200820923,648.9306310958999,293.8521568332656
7885.474609375,12992.305231392384,1236.395468056202,-11755.909763336182,699.8576545898943,851.7125266933457
7722.58740234375,13091.595438361168,1247.5147298574448,-11844.080708503723,886.67328645558,773.3057353633146
7514.5478515625,13186.660725831985,1257.6628210544586,-11928.997904777527,729.9317281996734,582.7968617084338
7469.42236328125,13345.122529923916,1266.7210044264793,-12078.401525497437,1124.4967899486408,614.9815064866406
7189.484375,13495.125671565533,1280.607006251812,-12214.51866531372,461.891417477678,509.85858635203306
7057.66650390625,13659.609592974186,1291.1410852074623,-12368.468507766724,647.7124863694764,681.4032015710488
6971.64453125,13526.624398946762,1293.2390477657318,-12233.38535118103,464.27835339953424,549.3076347315198
6873.576171875,13668.428000509739,1301.8182716965675,-12366.609728813171,476.07299943499027,389.43167000513836
6820.94140625,13758.352918803692,1300.2628003954887,-12458.090118408203,492.7564631671477,566.9374612250476
6747.05615234375,13791.92438352108,1314.6124843358994,-12477.31189918518,484.8407764971572,776.4867463034877
6534.0107421875,13802.883447289467,1325.77874147892,-12477.104705810547,713.1020816163506,774.917567476163
6405.6337890625,14104.178114771843,1337.4698866605759,-12766.708228111267,461.9399859634024,494.6504814499367
6257.0341796875,14113.881562888622,1338.4212414622307,-12775.460321426392,700.4820793970305,644.8240397197234
6221.34228515625,14140.638791918755,1343.2546538114548,-12797.3841381073,583.9671431424097,637.9804058781214
6109.92578125,14213.375713169575,1348.6919859051704,-12864.683727264404,731.8411124152591,724.7947860920247
6027.8525390625,14289.517959296703,1356.5391299128532,-12932.97882938385,447.20520110436263,291.4130843412932
5942.775390625,14303.19853401184,1364.4059419631958,-12938.792592048645,439.35166950494084,418.95832498802093
5827.89892578125,14302.35939359665,1367.1416869163513,-12935.217706680298,454.9667097991419,517.5204862857415
5817.6884765625,14421.921949744225,1383.868228316307,-13038.053721427917,469.3582331976954,431.23958298073296
5632.6826171875,14636.782027065754,1390.4245584607124,-13246.357468605042,884.3579978817019,751.177351751469
5549.14501953125,14526.28024494648,1391.042407155037,-13135.237837791443,420.0107383373772,505.6026791689439
5381.21630859375,14584.70384246111,1396.713489830494,-13187.990352630615,589.5708331277189,522.5548740426493
5354.41015625,14762.526714086533,1406.0363204479218,-13356.49039363861,208.40489137796754,270.4253836844229
5360.435546875,14715.626173973083,1410.3378992080688,-13305.288274765015,868.203068373687,393.06820275360644
5323.33154296875,14967.671766579151,1415.9066832661629,-13551.765083312988,532.9347817530862,407.4408414249569
5080.57470703125,14824.342470765114,1420.2968403100967,-13404.045630455017,437.47684111309127,501.3621370904865
5017.83837890625,14834.21868443489,1432.7641746997833,-13401.454509735107,460.3744840395722,449.57312213825054
5083.06201171875,14843.336722016335,1420.6629654169083,-13422.673756599426,432.9801419394009,609.7603003945395
4909.95654296875,15045.085132360458,1442.6609847545624,-13602.424147605896,434.1878918220788,439.12504021684254
4861.13916015625,15199.669985294342,1450.7581610679626,-13748.91182422638,446.4659111618013,432.0842101951719
4871.54443359375,15038.602537930012,1436.183113873005,-13602.419424057007,584.5572796890965,569.696604533325
4705.8427734375,15278.576748847961,1456.0222930908203,-13822.554455757141,709.8534694836894,461.7160837252994
4667.42919921875,15405.58616411686,1458.4577614068985,-13947.128402709961,573.7132894692988,988.8804145719223
4677.5986328125,15206.434930324554,1459.5339827537537,-13746.9009475708,436.7383581729462,509.02297064077095
4519.11279296875,15334.058349967003,1470.6445783376694,-13863.413771629333,433.0111857718516,503.6795617608806
4496.279296875,15584.624342083931,1477.357469677925,-14107.266872406006,489.30918632376654,490.97552207960524
4394.6796875,15553.772492527962,1476.8659516572952,-14076.906540870667,782.8439600676436,1131.0740335009502
4424.25830078125,15608.256305932999,1475.3332931995392,-14132.92301273346,487.1220347865404,360.016386495504
4401.6103515625,15711.163899302483,1479.2599943876266,-14231.903904914856,630.4349714481305,438.79438004829365
4270.46484375,15638.541331529617,1486.6065437793732,-14151.934787750244,481.23976586284516,736.0862255042588
4302.3212890625,15775.975870370865,1491.2884542942047,-14284.68741607666,746.0710274917888,765.2794910534972
4254.92333984375,15718.345564603806,1489.1309440135956,-14229.21462059021,440.6488259698434,463.10740878329216
4113.1904296875,15852.142673611641,1504.8226948976517,-14347.31997871399,463.0027313473155,361.6776110932443
4078.4169921875,15869.64959192276,1500.1613030433655,-14369.488288879395,397.84471619924045,552.7971311161684
4085.879150390625,15922.449922084808,1507.1485514640808,-14415.301370620728,461.324829770808,352.48018755436476
3908.998291015625,16235.648069858551,1511.5587944984436,-14724.089275360107,1040.765387959371,758.697942485778
3955.533447265625,15849.766360521317,1506.5013782978058,-14343.26498222351,683.832738601715,574.6178871382235
3861.49560546875,15929.681825518608,1517.3772104978561,-14412.304615020752,1128.0434148910592,349.48339104752824
3825.35009765625,16164.230917096138,1520.4417315721512,-14643.789185523987,667.949732065111,621.7583570515499
3758.054931640625,16396.751982450485,1529.0173871517181,-14867.734595298767,1710.2579136378713,552.778560662565
3682.849365234375,16259.56064248085,1529.4862596988678,-14730.074382781982,592.5970673515603,587.6553104691359
3657.0859375,16305.521406054497,1541.4372786283493,-14764.084127426147,430.46626495365115,435.4633631514131
3558.445556640625,16453.83304989338,1551.7561436891556,-14902.076906204224,537.837327467099,434.8217426599106
3665.278076171875,16239.506581306458,1538.0846405029297,-14701.421940803528,516.208954546749,620.0946968914881
3465.756591796875,16785.811811327934,1562.0107630491257,-15223.801048278809,465.79232412575584,698.2536376871234
3477.23828125,16747.510110378265,1555.5274710655212,-15191.982639312744,1512.178190529957,800.8795486455138
3443.575439453125,16527.65181159973,1547.4424333572388,-14980.209378242493,452.0976113960778,431.28558058297676
3438.74267578125,16738.984874367714,1563.3411947488785,-15175.643679618835,489.13925983858536,1051.3339701268412
3308.17333984375,16749.36406004429,1564.2203565835953,-15185.143703460693,615.7637693964585,565.359459712022
3390.304443359375,16799.771392464638,1560.5654026269913,-15239.205989837646,400.2734172575082,529.158171586121
3278.8505859375,16688.10145664215,1562.0396718978882,-15126.061784744263,576.7279015620427,473.86495601211953
3208.069580078125,16955.35103201866,1578.9380939006805,-15376.412938117981,558.6093227278647,439.810330805862
3185.9970703125,16935.245406270027,1576.4220381975174,-15358.82336807251,2244.369435405392,724.0070155703315
3186.155517578125,16807.762361764908,1581.9612562656403,-15225.801105499268,1643.4050263148322,923.5822978217591
3184.9970703125,16917.23309648037,1575.078885436058,-15342.154211044312,2773.642738387308,569.338122408392
3129.3759765625,16902.380907535553,1585.754201412201,-15316.626706123352,482.46502345839474,618.6078185069707
3104.580078125,16858.677750706673,1585.278337597847,-15273.399413108826,556.9457313304093,739.5952616792267
2954.180419921875,17273.163955569267,1604.3102425336838,-15668.853713035583,1130.4452488345303,742.5716013103895
3010.04052734375,16910.85284256935,1587.0271685123444,-15323.825674057007,1116.2571091807872,571.8046855408071
2997.942138671875,17003.833868265152,1590.3000538349152,-15413.533814430237,1293.9389283426585,595.695529509487
2995.030517578125,17099.27646946907,1588.7158586978912,-15510.56061077118,485.4220529527415,537.077359795213
2829.904296875,17175.972315073013,1594.429080247879,-15581.543234825134,1428.1123790413544,443.2293020327963
2859.414306640625,17225.57203090191,1599.459853053093,-15626.112177848816,1014.3583062225182,763.0670461063828
2848.8935546875,17315.214168190956,1611.9789205789566,-15703.235247612,480.0029753596683,434.86241495850464
2747.572265625,17168.1203854084,1602.2357304096222,-15565.88465499878,1057.1701272602309,658.7461782406745
2755.4375,17319.502241253853,1604.853641629219,-15714.648599624634,2894.8545193947234,1296.2096696493438
2719.658935546875,17484.66512441635,1617.45103597641,-15867.214088439941,660.3429719161848,518.4397568250481
2693.621337890625,17472.5361430645,1617.8238408565521,-15854.712302207947,1596.0806385505152,475.5714361240124
2692.79736328125,17449.07332956791,1621.9935108423233,-15827.079818725586,633.7425864457089,535.3647585981429
2628.814453125,17457.562684893608,1627.8040570020676,-15829.75862789154,1467.8144315997515,514.6865705467883
2637.766357421875,17549.49197638035,1613.0987240076065,-15936.393252372742,1208.78515325699,873.1636253338535
2543.190673828125,17701.13048517704,1631.7352672815323,-16069.395217895508,1398.988800007551,371.2881056754336
2607.785400390625,17430.016741394997,1620.2139002084732,-15809.802841186523,2000.8462929082664,496.76926579554026
2507.9892578125,17795.073895812035,1632.653543829918,-16162.420351982117,2277.2061104511135,1320.5364152784346
2549.552978515625,17335.4223934412,1623.8093391656876,-15711.613054275513,778.4160108437188,529.1450400938276
2433.583251953125,17757.594867944717,1651.25661110878,-16106.338256835938,332.3302501284302,1153.7163536612618
2461.759521484375,17835.237653136253,1635.8148320913315,-16199.422821044922,687.0520291252362,527.3466471710796
2424.248046875,17551.30896794796,1638.9294189214706,-15912.37954902649,394.2745487236689,399.12595142249455
2300.5068359375,18047.269070506096,1654.8927181959152,-16392.37635231018,481.4269085963127,412.1457996771481
2381.5947265625,17881.193037748337,1642.1961877346039,-16238.996850013733,2891.746955127803,503.2183789098244
2361.1494140625,17773.50604248047,1640.08913230896,-16133.416910171509,450.1682612611497,388.43751715707566
2316.530517578125,17746.516696691513,1646.7203748226166,-16099.796321868896,545.3696787799128,451.80515444446127
2460.173583984375,17639.528566122055,1627.658924818039,-16011.869641304016,617.3885063866649,414.3814274017639
2175.397216796875,18100.09815430641,1658.4895651340485,-16441.608589172363,561.1149271496672,738.6281080334386
2275.88427734375,17711.337736845016,1636.1177880764008,-16075.219948768616,1082.5944783886503,376.88414678989386
2113.408203125,18186.347325325012,1670.2108373641968,-16516.136487960815,1787.1256286107898,436.68684445574644
2171.509033203125,18077.338134288788,1660.0943608283997,-16417.24377346039,453.1193004202143,405.617240485203
2152.4287109375,17746.551059126854,1647.298669219017,-16099.252389907837,483.9644706946394,445.65453575049685
2180.9736328125,18109.37747478485,1664.6147994995117,-16444.76267528534,1984.5690085075548,517.7670992505654
2058.74658203125,18322.073878884315,1676.5645529031754,-16645.50932598114,436.1601865486873,620.9835498298419
2072.822509765625,18223.795861959457,1674.9658153057098,-16548.830046653748,468.31454035879295,363.7236870394895
2124.432861328125,18105.00199186802,1663.2742887735367,-16441.727703094482,898.9619503129707,599.5916501479145
2045.0068359375,18181.83990740776,1666.2512843608856,-16515.588623046875,729.38176128103,546.1906520500421
2063.761962890625,18322.243275403976,1669.4927566051483,-16652.750518798828,1888.4982710554839,877.2330297073524
1989.372802734375,18655.17235660553,1690.9970321655273,-16964.175324440002,1986.5222370791703,753.0083668769257
2026.82861328125,18447.490687727928,1676.9728845357895,-16770.51780319214,2729.9947447692093,1216.0505697784865
1865.0380859375,18320.046796798706,1676.7213296890259,-16643.32546710968,2333.039349962794,704.0306419248548
1914.52197265625,18546.92788052559,1677.9568274021149,-16868.971053123474,428.5210188444897,739.0498551270852
1890.254638671875,18329.497493624687,1674.6976355314255,-16654.79985809326,584.758066811258,439.8853118737963
1839.4967041015625,18618.52331495285,1693.8984942436218,-16924.62482070923,1630.8576143795065,901.8842060213246
1824.1295166015625,18570.721658468246,1693.8526837825775,-16876.86897468567,1014.3455157321645,691.7877100672953
1807.2041015625,18488.590804100037,1684.4840097427368,-16804.1067943573,2248.830075845042,610.0273128382739
1787.5174560546875,18609.04777753353,1693.2221521139145,-16915.825625419617,743.0847494634681,723.2386178151766
1750.921630859375,18917.72960102558,1707.597556233406,-17210.132044792175,1595.4395543786966,693.6378934415411
1791.5386962890625,18573.18871307373,1690.0454921722412,-16883.14322090149,530.5715080744043,713.4328414827261
1747.4302978515625,18362.24310851097,1690.4257295131683,-16671.817378997803,1610.8546606785808,319.90458945942595
1728.4180908203125,18943.11699771881,1704.105278968811,-17239.01171875,1466.0796195712805,791.3115138382976
1676.60986328125,18876.931161880493,1711.0843324661255,-17165.846829414368,1421.6341548993073,432.6789679257182
1694.123779296875,18580.47121846676,1701.0853770971298,-16879.38584136963,1431.6071207472933,634.9582050399148
1643.1212158203125,19117.264411091805,1712.2443038225174,-17405.020107269287,547.325682673927,547.7657498801459
1623.269287109375,18979.74909877777,1706.7409973144531,-17273.008101463318,516.2286641897934,582.9342011441984
1664.9534912109375,18987.00728559494,1707.0749382972717,-17279.93234729767,2039.4284299884937,698.6683658425209
1587.8717041015625,19096.827751874924,1714.4473836421967,-17382.380368232727,2058.064561515058,578.9737050587638
1600.6485595703125,18980.49917471409,1708.4417511224747,-17272.057423591614,484.8769425738993,952.5225580489808
1508.621337890625,18996.97522699833,1711.4076372385025,-17285.567589759827,862.6015326758722,442.50142805882626
1560.133056640625,18891.629579782486,1714.217397928238,-17177.412181854248,527.0885365253987,906.470017268528
1490.6280517578125,19185.269481420517,1724.8145053386688,-17460.454976081848,678.7271736158689,374.53417988533107
1529.78955078125,18963.667941331863,1712.5117771625519,-17251.15616416931,759.5528611254525,440.6585309294451
1520.1473388671875,18875.224578619003,1705.5775010585785,-17169.647077560425,978.1812574520802,466.68430064786946
1436.2259521484375,19142.75223529339,1729.9104002714157,-17412.841835021973,479.9343495325014,617.6576783464187
1431.2431640625,18940.967947244644,1714.6235535144806,-17226.344393730164,3207.5628545944296,1045.6794273272649
1373.5919189453125,19090.952083587646,1725.7368965148926,-17365.215187072754,648.6601003516722,230.76020501777566
1388.755615234375,19127.006348133087,1732.3893465995789,-17394.61700153351,2114.2237616691773,992.3406529022986
1371.738037109375,19205.527896642685,1733.5724141597748,-17471.95548248291,3588.4510185919453,1489.0575941472157
1382.9510498046875,19324.51972615719,1733.699807524681,-17590.819918632507,548.5208867425273,291.5583567654363
1315.9122314453125,19267.402811169624,1736.84199821949,-17530.560812950134,728.2682315117991,466.3358545101737
1327.2705078125,19329.749811053276,1735.1942957639694,-17594.555515289307,1672.6097874720151,389.22943097682577
1299.71044921875,19259.076884031296,1739.885104894638,-17519.191779136658,1436.2521069564943,576.2969879479322
1262.73974609375,19463.80234360695,1739.3933708667755,-17724.408972740173,480.87453551648315,439.17127119337766
1306.984375,19095.233640432358,1726.7265479564667,-17368.50709247589,3252.379371533546,571.4344247107043
1299.89501953125,19293.02170908451,1736.3777977228165,-17556.643911361694,1023.4717791041128,977.7188207095875
1185.3671875,19661.890230298042,1758.8409940004349,-17903.049236297607,486.63002001735794,731.1014911675906
1230.2423095703125,19492.199912786484,1739.9087121486664,-17752.291200637817,2557.2080014501166,665.9115010244548
1231.409912109375,19328.073137402534,1734.3867636919022,-17593.686373710632,821.9642529286095,543.2123867642649
1167.38037109375,19527.520207881927,1752.94047498703,-17774.579732894897,2214.7284026605716,847.003572610741
1185.6142578125,19433.441662430763,1748.052953362465,-17685.3887090683,2162.085064088636,545.2657268724791
1118.9146728515625,19575.710533738136,1761.733913064003,-17813.976620674133,1996.4521298781092,982.5720781570692
1155.58203125,19462.8975199461,1748.982874751091,-17713.914645195007,2042.762628074006,967.7406448458672
1091.7696533203125,19836.44547867775,1760.423805475235,-18076.021673202515,728.6388543306631,292.52765387478064
1109.5321044921875,19149.952739477158,1738.4440076351166,-17411.50873184204,470.2882413135564,439.5757539867351
1121.7152099609375,19482.15246486664,1748.964877128601,-17733.187587738037,517.2940647484974,702.3159206972484
1105.86279296875,19523.960447192192,1749.8527725934982,-17774.107674598694,715.8450933531359,458.44304751770187
1092.324462890625,19746.189247608185,1756.013831615448,-17990.175415992737,773.5552532149368,710.6962669155398
1041.27783203125,19900.74755692482,1767.2307426929474,-18133.516814231873,1139.6824931383107,617.3965852671753
1057.4857177734375,19581.715187311172,1755.545444726944,-17826.16974258423,544.3016734560345,417.0875435751166
1092.4532470703125,19559.52618598938,1754.5781602859497,-17804.94802570343,2488.456234099115,799.4695925754725
987.1552734375,19785.720452547073,1773.1660397052765,-18012.554412841797,1258.9449208299422,1669.0867725333403
1018.6982421875,19844.42315542698,1772.1998430490494,-18072.22331237793,382.8986068237633,637.9414407949874
983.126220703125,19806.829562425613,1772.0528938770294,-18034.776668548584,1948.2864548762893,720.3931920174988
961.2432250976562,19781.75425040722,1776.3258332014084,-18005.42841720581,485.1113378654369,668.0478330400006
968.4408569335938,20095.500707745552,1776.5165892839432,-18318.98411846161,2103.206238442199,1099.2212586233697
904.7952270507812,20180.164172410965,1788.4486134052277,-18391.715559005737,2379.3124567398986,620.5363346077962
925.4676513671875,19990.566613912582,1774.6772916316986,-18215.889322280884,461.8536483983347,561.12493531006
1001.24462890625,19900.7375497818,1767.8800144195557,-18132.857535362244,504.7095148883774,788.3917952134541
828.9965209960938,20369.590273976326,1794.637405514717,-18574.95286846161,803.9221025262516,437.4528791646276
970.048828125,19782.50302040577,1759.3795682191849,-18023.123452186584,1157.4214705858683,424.47478838193655
894.3846435546875,20032.75305891037,1784.4566588401794,-18248.29640007019,386.4403436434316,818.7668221325138
884.050048828125,19942.00077354908,1775.4912844896317,-18166.50948905945,796.7091986841468,520.1871855841506
834.4801635742188,20053.21173644066,1779.3485906124115,-18273.863145828247,1350.433825378778,553.9082848849488
826.6598510742188,20033.10270166397,1785.4562544822693,-18247.6464471817,415.75179267069495,290.3966004759517
774.7702026367188,20208.364751935005,1798.3272811174393,-18410.037470817566,462.30266234217896,498.2654977731228
767.2024536132812,20186.5648304224,1793.1994034051895,-18393.365427017212,1176.6072418668568,1121.6693213658773
827.4103393554688,20021.184563040733,1783.295709013939,-18237.888854026794,2517.920142563801,615.8264963967774
764.900634765625,20379.173985481262,1799.462944984436,-18579.711040496826,625.5439310675987,882.7172749783376
733.8117065429688,20216.720999598503,1801.49371612072,-18415.227283477783,504.7703828433682,866.7782227935188
785.32080078125,20287.473884820938,1781.0287973880768,-18506.44508743286,1201.8632801056226,859.5698324878853
784.0352783203125,20372.643223643303,1790.8112210035324,-18581.83200263977,2909.7484434203243,950.7277765520108
746.2092895507812,20298.834826231003,1800.1364114284515,-18498.69841480255,1923.388400564707,721.437371710933
654.503662109375,20551.77951192856,1807.4519782066345,-18744.327533721924,533.3322837585729,438.22901869688303
714.9520874023438,20367.016004681587,1787.4063254594803,-18579.609679222107,1043.1063859016883,587.6719109681654
597.921875,20812.098785042763,1821.475352883339,-18990.623432159424,3611.1860342747495,515.3166031456724
664.8128051757812,20226.516189575195,1799.901873588562,-18426.614315986633,2300.9543097714027,672.6234015701754
694.03466796875,20256.79113459587,1792.6205604076385,-18464.170574188232,1471.8561746191265,479.41199539410036
689.574462890625,20597.891085743904,1810.1639548540115,-18787.727130889893,1538.8505893504093,1257.2978684767572
605.5297241210938,20819.74058353901,1817.0608483552933,-19002.679735183716,2677.434799854613,410.35989935577345
651.072998046875,20602.426582336426,1795.1322193145752,-18807.29436302185,1896.506674634707,614.483654885309
588.2665405273438,20553.54644370079,1813.0621926784515,-18740.48425102234,447.3867222582345,654.8186911776107
591.80517578125,20760.185832500458,1821.0279059410095,-18939.15792655945,2365.654079900779,474.42781583742544
609.870361328125,20457.348573565483,1813.4965685606003,-18643.852005004883,534.7005971022778,456.08268957021767
608.279541015625,20764.493581056595,1811.5423786640167,-18952.951202392578,1756.2189570795217,1375.796318383553
570.38525390625,20867.91539132595,1818.4954551458359,-19049.419936180115,1290.061570424959,423.31684901775225
567.869384765625,20729.813331127167,1814.2561802864075,-18915.55715084076,447.405093399491,390.31417178449374
546.389404296875,20715.88309454918,1812.3641574382782,-18903.5189371109,951.4461237612853,674.9270150156462
528.205322265625,20850.302017092705,1815.6131237745285,-19034.688893318176,451.8122178894673,348.0665929158158
527.4174194335938,20685.981562376022,1818.0375096797943,-18867.944052696228,1383.2470151964937,529.9546873389824
544.4531860351562,20811.041796803474,1822.4356509447098,-18988.606145858765,757.3657010851443,478.1343104724641
498.9013671875,20991.694742560387,1827.9030278921127,-19163.791714668274,809.3794455956779,783.0522880919227
513.4314575195312,21067.877184152603,1827.4509499073029,-19240.4262342453,2627.2934437625468,476.7654846541609
424.0519104003906,20799.49522638321,1830.4696249961853,-18969.025601387024,1935.027413646043,478.94951073512885
524.3468017578125,20455.889981269836,1810.5266418457031,-18645.363339424133,854.5298415289417,541.4718738755516
421.1885681152344,20911.48564696312,1835.6233479976654,-19075.862298965454,1327.3546382328354,554.096476221553
406.44317626953125,20951.498334407806,1830.7832922935486,-19120.715042114258,2734.4135231344308,457.88125545927153
447.0836181640625,20969.781795740128,1830.5623257160187,-19139.21947002411,303.4048858020834,313.6680010781894
480.9190673828125,20406.168954133987,1806.388664484024,-18599.780289649963,1631.7108918264346,466.3811006912855
383.56781005859375,21154.371493697166,1846.833773970604,-19307.537719726562,541.9188203638777,557.5421061638568
413.74755859375,21170.398394703865,1842.7555314302444,-19327.64286327362,465.3881339363452,583.980277730371
366.2500305175781,20945.563351869583,1836.0357792377472,-19109.527572631836,427.1444259492461,571.8027787720922
445.3899841308594,20618.765304088593,1819.1664700508118,-18799.59883403778,888.5262167060255,464.59567589410165
374.1580505371094,20916.273151636124,1836.309975862503,-19079.96317577362,1222.748713793077,709.9088123590983
376.6711730957031,21058.75831913948,1844.5655491352081,-19214.192770004272,2963.1693067655374,452.5344348902193
382.66619873046875,21229.811184048653,1837.1345282793045,-19392.676655769348,2908.151419575256,751.7345279020712
385.5238037109375,20860.91644001007,1830.8950853347778,-19030.021354675293,3445.826629093658,1107.2812654340096
359.67852783203125,21088.797308564186,1834.6465498209,-19254.150758743286,442.45843854378535,445.0100974087771
295.8558654785156,21405.871490955353,1841.130208492279,-19564.741282463074,529.1139166508046,485.56770924047004
341.7811279296875,21233.126165390015,1838.75479221344,-19394.371373176575,1326.5423252063606,649.5732264847644
358.9886474609375,20717.03710246086,1820.3004252910614,-18896.7366771698,2380.7070846298475,614.8349742245831
258.2883605957031,21523.276649832726,1847.7827867269516,-19675.493863105774,2757.4853359350236,728.3469259216517
300.8244934082031,21244.48170208931,1848.1732218265533,-19396.308480262756,465.35360228953505,391.4688663758223
293.4546203613281,20964.921742916107,1840.2640328407288,-19124.65771007538,822.2039618439,511.4189829373834
312.29498291015625,21056.55249261856,1832.912076473236,-19223.640416145325,575.6542554950898,548.968755841859
233.30941772460938,21143.511590242386,1847.910832643509,-19295.600757598877,888.652768740664,490.9255948452841
290.05255126953125,21246.859680771828,1844.0397468805313,-19402.819933891296,2315.00372733409,522.8763475292183
190.74620056152344,21356.246741890907,1853.1622816324234,-19503.084460258484,454.44437252015985,485.32725525691404
215.18748474121094,21372.359288096428,1850.2308424711227,-19522.128445625305,2235.8713603336832,875.6118247942577
327.3887939453125,20950.081181883812,1839.01174390316,-19111.069437980652,477.9726020904239,560.0870320668428
193.39276123046875,21635.208063602448,1855.3732504844666,-19779.83481311798,501.4403852967299,544.3112248579819
205.09361267089844,21446.805785298347,1858.9238158464432,-19587.881969451904,277.1203039755096,366.36921933881064
197.26889038085938,21038.49730193615,1847.4369286298752,-19191.060373306274,2529.498342626244,743.0564801681764
174.21632385253906,21298.842485189438,1857.3749568462372,-19441.4675283432,1977.9966068144793,723.8797511565723
218.98699951171875,21114.466814756393,1852.592247724533,-19261.87456703186,473.04460909362285,462.20155405947224
195.09689331054688,21415.576713204384,1857.8440881967545,-19557.73262500763,2259.5069737290078,1103.0881740173595
107.30082702636719,21452.205492258072,1860.9526951313019,-19591.25279712677,642.2491847690125,604.6872324105112
153.67091369628906,21659.73543870449,1866.646265387535,-19793.089173316956,1222.006773468144,513.0624747440054
149.70309448242188,21307.005095124245,1861.3893448114395,-19445.615750312805,1707.9031781577075,586.834273196648
140.0969696044922,21574.114005684853,1863.229874253273,-19710.88413143158,1097.8685884562055,436.4213315742278
97.82616424560547,21587.898854613304,1866.1478303670883,-19721.751024246216,1841.3522438506334,745.996833004385
81.95765686035156,21746.19471538067,1881.7051142454147,-19864.489601135254,2429.0845729940006,480.9542852685366
93.67253112792969,21539.148873448372,1856.5494853258133,-19682.59938812256,459.160244691874,473.5617467220345
138.1475830078125,21301.928787469864,1852.9943974018097,-19448.934390068054,1608.7067686616663,714.4625686521388
139.9278106689453,21608.73574101925,1871.2743734121323,-19737.461367607117,615.2847198986552,692.2072309109891
126.27739715576172,21488.457122683525,1868.022594332695,-19620.43452835083,3053.4647071227046,1008.784362850092
118.70249938964844,21394.916996836662,1860.0454090833664,-19534.871587753296,476.1983098118496,537.7500525957552
68.0827865600586,21694.775345921516,1869.1595994234085,-19825.615746498108,354.4011665918621,848.1036211173405
48.370201110839844,22095.05694258213,1887.3495985269547,-20207.707344055176,353.47957257100063,361.8844350993081
109.44781494140625,21690.604897141457,1858.7542845010757,-19831.85061264038,1866.337716825321,736.30523725344
11.639184951782227,22002.80816233158,1882.0835663080215,-20120.72459602356,432.93853143664376,457.80878519470406
49.400936126708984,21809.12084531784,1878.5052466392517,-19930.61559867859,443.33466009614614,604.6912074223189
-26.405799865722656,21839.78310728073,1883.170042514801,-19956.61306476593,610.2470713864158,555.3262545605976
8.010409355163574,21746.4456076622,1878.426408290863,-19868.019199371338,2692.3444920475654,1002.4834799291477
-15.860593795776367,21799.398866176605,1889.9317231178284,-19909.467143058777,1187.9475438745576,639.4349230864012
-5.799553871154785,21954.309985637665,1883.8486580848694,-20070.461327552795,2082.1654697698186,1237.1071366271808
26.628236770629883,21769.222484588623,1863.8318786621094,-19905.390605926514,1693.1948019169072,595.6400327981394
44.10374069213867,21559.108038425446,1865.0927319526672,-19694.01530647278,148.40166746610853,132.46281720230084
-39.044158935546875,21983.19520664215,1893.622057914734,-20089.573148727417,789.7744284343974,340.14692471900696
-11.055866241455078,21991.015976309776,1888.4958118200302,-20102.520164489746,583.9965345781618,527.9000902457965
-36.9639778137207,22134.989394187927,1893.8565711975098,-20241.132822990417,1993.0488769336032,541.2888315133873
-87.05551147460938,21701.096014738083,1884.3712689876556,-19816.724745750427,812.1001274115263,463.673563978138
-32.30046844482422,21876.59052681923,1886.7086107730865,-19989.881916046143,458.05858209429687,622.0625371237062
31.20816421508789,21572.619084477425,1870.8311702013016,-19701.787914276123,965.0192560979391,435.6081653125242
-96.59855651855469,22132.465167284012,1901.684041261673,-20230.78112602234,1617.5374880598072,621.1479933681026
-113.79122924804688,22059.732288956642,1905.6900469064713,-20154.04224205017,378.1330875381939,353.34493892044605
-37.341434478759766,22028.286296606064,1895.672572851181,-20132.613723754883,1534.853383332572,598.6654009206752
-103.3265151977539,22181.60107588768,1901.3899161815643,-20280.211159706116,1611.0710414048033,496.5502642197783
-42.7513427734375,21680.460519313812,1874.779716014862,-19805.68080329895,3263.5215429308373,623.2455168806168
-77.87825012207031,21924.52620089054,1896.2244783639908,-20028.30172252655,421.9338783674713,342.7534000840372
-88.85865020751953,22203.66456925869,1889.8670419454575,-20313.797527313232,930.7378456749702,485.0851274870212
-122.4498291015625,21787.397542119026,1891.1242362260818,-19896.273305892944,449.58494246682994,487.65897397452255
-57.25880432128906,21767.347465634346,1876.7659245729446,-19890.5815410614,1301.7701219713604,499.3447348524816
-154.0895233154297,22133.724669337273,1898.2921293973923,-20235.43253993988,1653.725479781045,859.0258729793229
-131.5803680419922,22138.28984248638,1899.7686680555344,-20238.521174430847,514.324984183613,445.07136083187333
-69.60832214355469,21563.387088775635,1874.9332609176636,-19688.45382785797,487.1932363244412,458.3516280986415
-236.46702575683594,22605.319100141525,1925.5992515087128,-20679.719848632812,610.805419093977,507.7881036466879
-145.03260803222656,22010.893103837967,1896.3377525806427,-20114.555351257324,488.8233118703286,907.0603345680541
-156.06124877929688,21905.40115749836,1893.7366248369217,-20011.664532661438,1295.58616959965,380.0802894459986
-154.4457244873047,22121.310287833214,1891.623997092247,-20229.686290740967,639.0769402584048,833.5437257949668
-137.37173461914062,22085.347390294075,1897.2964802980423,-20188.050909996033,324.1108671087115,458.2643924207802
-217.69117736816406,22293.249957561493,1919.2917647361755,-20373.958192825317,590.3147175726733,346.49924352035225
-119.30445861816406,21558.293097257614,1864.2338016033173,-19694.059295654297,3014.3933102523806,548.040806503221
-200.79193115234375,22194.226994752884,1915.3474743366241,-20278.87952041626,813.2626081275805,539.1984387982972
-158.5548858642578,22221.81695020199,1897.674009680748,-20324.14294052124,247.97892717736667,247.30015184588396
-178.1105194091797,22204.70133829117,1906.9859280586243,-20297.715410232544,1302.7263994761859,528.1599199867326
-238.30499267578125,22452.443350434303,1914.7043825387955,-20537.738967895508,576.6833708729438,878.7991792671958
-154.55117797851562,22266.9732452631,1901.8443781137466,-20365.128867149353,1493.8323032959809,942.850818050849
-296.0364990234375,22627.696479797363,1918.3921527862549,-20709.30432701111,1072.1101332207659,507.72701465402196
-220.35614013671875,21991.406683325768,1899.1759456396103,-20092.230737686157,301.5159557510875,399.02941115399045
-258.6881103515625,22561.74278175831,1916.515169262886,-20645.227612495422,484.8351699772058,388.3415314939001
-199.26202392578125,22075.694727420807,1900.291187763214,-20175.403539657593,617.2559469973824,486.11389648593604
-241.4231414794922,22375.800186872482,1917.1041600704193,-20458.696026802063,971.6697835219999,449.1341445122354
-261.2557373046875,22363.275709033012,1916.2992018461227,-20446.97650718689,481.0585356859645,508.69012081429565
-334.9832763671875,22646.65712559223,1924.8591099977493,-20721.798015594482,312.9152249715572,324.65625153090537
-284.40704345703125,22630.284685254097,1916.4821263551712,-20713.802558898926,559.9767888353223,994.285730381826
-225.8276824951172,22021.39507675171,1897.721658706665,-20123.673418045044,2204.101185038946,777.4991225399647
-138.2017059326172,22260.67100095749,1912.0676341056824,-20348.603366851807,880.9622344657994,597.9728588050115
-288.6785888671875,22144.118035674095,1904.0684245824814,-20240.049611091614,1696.8425817192015,387.4261865498185
-349.3255310058594,22625.909893631935,1932.1642194986343,-20693.7456741333,431.4760194305951,383.03288506244445
-189.76751708984375,22035.723608374596,1894.8031333684921,-20140.920475006104,1584.007154727008,718.8645060889728
-386.982421875,23163.124335050583,1943.2222754955292,-21219.902059555054,1570.4574883775244,638.7870987765386
-333.5740966796875,22386.415359020233,1914.9873986244202,-20471.427960395813,1120.6566305858416,777.8629590922112
-311.0647888183594,22489.032470464706,1924.4457938671112,-20564.586676597595,829.4082721991939,564.9676183921868
-380.65576171875,22841.728146076202,1927.072518825531,-20914.65562725067,1010.4668725214385,464.1537106641035
-333.7238464355469,22522.610417485237,1919.8901292085648,-20602.720288276672,741.6187393731327,1084.2010104994565
-368.90789794921875,22881.541935682297,1948.1390931606293,-20933.402842521667,1539.7305149967704,992.6664922588303
-266.98638916015625,22397.995798826218,1914.5109384059906,-20483.484860420227,471.1342644819807,257.629873907044
-384.2179260253906,22841.019462108612,1945.668336391449,-20895.351125717163,450.3284638769399,401.59652657002556
-389.9765319824219,22549.07862138748,1921.1261067390442,-20627.952514648438,1831.8357167990919,973.7099457073058
-318.7964172363281,22499.864256501198,1919.5018383264542,-20580.362418174744,421.7916605183491,1203.7775918459643
-87.52484130859375,22042.607226610184,1899.5095789432526,-20143.09764766693,776.8365523283696,520.8241298115663
-350.32135009765625,23316.50776398182,1943.5589686632156,-21372.948795318604,3107.473250607854,818.897098328238
-433.47711181640625,22908.23437321186,1949.8904782533646,-20958.343894958496,1308.127302064548,486.38488980372296
-344.8150329589844,22547.74413919449,1931.6937022209167,-20616.05043697357,516.8081729862054,415.6296673897097
-408.3592834472656,22809.344955801964,1936.5502256155014,-20872.794730186462,1825.1375966682813,514.0391926301052
-413.8877258300781,23000.499510407448,1946.2248684167862,-21054.27464199066,640.2652205718308,450.69308492939297
-386.1134338378906,22716.50130403042,1934.0667375326157,-20782.434566497803,2312.9958258171837,667.9737006770324
-396.758056640625,22637.96350133419,1937.0572055578232,-20700.906295776367,1765.93059779424,972.0128629889256
-338.80255126953125,22407.45230782032,1922.7732764482498,-20484.67903137207,1028.288644516112,543.3719795027426
-439.5704040527344,22876.878693461418,1936.2917984724045,-20940.586894989014,329.07644648516595,498.8519702644251
-342.4169006347656,22261.3961186409,1918.0123467445374,-20343.383771896362,553.2796160514333,660.9223227356395
-466.68072509765625,23313.986322999,1946.6112304925919,-21367.37509250641,3006.0765940451474,1056.133756783474
-466.2556457519531,22766.890542268753,1940.4634974002838,-20826.42704486847,468.39682690100716,375.569202946184
-395.0086669921875,22548.20794093609,1928.1436718702316,-20620.064269065857,1061.6553339162306,387.1982400052751
-417.0032043457031,22888.544202804565,1941.1187210083008,-20947.425481796265,1582.4641825554427,486.9876770955052
-282.4848327636719,22060.068804621696,1904.3883675336838,-20155.680437088013,578.1038891755204,698.9129390812851
-573.11962890625,23543.474576711655,1969.884239912033,-21573.59033679962,396.2721774313478,549.5973288216019
-414.25262451171875,22644.309942364693,1931.3856335878372,-20712.924308776855,406.8897333372615,213.6219863699286
-492.7403259277344,23490.82327234745,1962.9361597299576,-21527.887112617493,441.1594505821769,488.19953212377914
-520.495849609375,23078.209193468094,1951.0468561649323,-21127.16233730316,1004.9419684924287,584.7544199232195
-423.5931701660156,23038.024884343147,1941.4132004976273,-21096.61168384552,1660.4583854670007,388.7612145104499
-484.03472900390625,22693.374137163162,1931.3655846118927,-20762.00855255127,418.3121400617206,251.815689341285
-519.8306884765625,23276.227297067642,1948.2492344379425,-21327.9780626297,2933.0988302085343,438.514129445032
-477.6968078613281,23045.987008094788,1945.594672203064,-21100.392335891724,2540.062936263146,706.165475549411
-466.1903076171875,22918.089413523674,1947.003340601921,-20971.086072921753,413.3404776608257,611.0140260736258
-538.1654052734375,23449.361897706985,1966.5056021213531,-21482.856295585632,602.6279675196408,686.5439731381191
-448.10784912109375,22724.4106246233,1931.5664845705032,-20792.844140052795,946.1631817089143,567.1855666024702
-562.8424682617188,23644.87508881092,1971.407132267952,-21673.46795654297,302.78869057894866,516.1062103787392
-544.46826171875,23294.466130375862,1963.9607220888138,-21330.50540828705,1234.460668839431,449.2190090232986
-554.6210327148438,22966.347197175026,1957.148092865944,-21009.199104309082,554.1738632660339,387.78963882739146
-433.935791015625,23188.119490265846,1934.2047535181046,-21253.91473674774,1256.0373791538727,339.7238971221641
-518.71435546875,23437.02750170231,1959.8237644433975,-21477.20373725891,2939.6295484957177,427.61443883499794
-551.3931274414062,23214.024390220642,1952.4564723968506,-21261.56791782379,1419.8602212576432,369.54993020482607
-539.0540771484375,23045.47611796856,1956.8775089979172,-21088.598608970642,2121.9232426247695,545.6997235929654
-558.580078125,23336.667247772217,1968.4254789352417,-21368.241768836975,288.2100513791015,468.139685611404
-502.2174072265625,23099.008867144585,1948.4056586027145,-21150.60320854187,552.1842326061933,408.0631952970883
-592.1154174804688,23483.42630159855,1968.66985476017,-21514.75644683838,1694.5169031081182,377.1704968341414
-485.84576416015625,23240.853882670403,1946.0030335187912,-21294.85084915161,1399.140202640089,709.883811485281
-581.821533203125,23124.867122530937,1952.9882715940475,-21171.87885093689,1077.8670696567656,512.1288138105551
-546.8671875,23163.187056183815,1955.6342397928238,-21207.55281639099,2851.7557613580348,544.6315925321926
-530.8978271484375,22995.266223311424,1959.5728763341904,-21035.693346977234,1054.1804842457084,635.6569098271515
-552.9741821289062,23164.4109801054,1960.2302902936935,-21204.180689811707,2445.255307927649,1174.5268733384219
-641.0299682617188,23760.36751151085,1983.9818360805511,-21776.385675430298,790.5583610949958,498.95223525725606
-547.8688354492188,23255.499630212784,1953.6326773166656,-21301.866952896118,1315.9720005368304,637.0495389289983
-559.5137329101562,23111.928599715233,1958.5240358114243,-21153.40456390381,1938.2943669688198,660.3475422192112
-558.6940307617188,23686.18896508217,1970.7849657535553,-21715.403999328613,264.5022118055152,327.47209556566656
-533.7716064453125,22949.697454333305,1934.866681933403,-21014.830772399902,696.4292714763245,639.0516813566823
-590.6806030273438,23337.34853351116,1975.4799498319626,-21361.8685836792,879.180452699341,535.5240818157192
-651.3067626953125,23697.240894794464,1974.8415398597717,-21722.399354934692,755.3244242509134,912.4451561252963
-600.54345703125,23488.056517720222,1969.229506611824,-21518.8270111084,457.82725348107505,679.6137378610283
-576.8169555664062,22731.724212765694,1955.0028783082962,-20776.721334457397,3409.8251272565817,704.2651404230503
-632.0242919921875,23335.326050162315,1977.2909034490585,-21358.035146713257,1251.3225398962134,817.7584489603862
-589.5613403320312,23296.204146385193,1964.9638929367065,-21331.240253448486,531.6884149530799,496.95977321190804
-669.6102294921875,23445.096026062965,1981.684204697609,-21463.411821365356,370.8756574203765,395.8652681877878
-620.9757690429688,23169.134613871574,1963.862425684929,-21205.272188186646,495.61200152017125,1087.916891517784
-591.5074462890625,23333.631259679794,1961.6017844676971,-21372.029475212097,580.2226555091677,608.1595663371056
-685.7787475585938,23820.597507238388,1990.516449689865,-21830.081057548523,433.37012307087423,354.56804977258287
-571.583984375,23259.26731109619,1963.0299396514893,-21296.237371444702,2894.4744667209025,721.5474410439365
-710.7491455078125,23897.401896238327,2000.60710978508,-21896.794786453247,2514.232950534126,908.6511779082015
-613.8494262695312,23359.214792609215,1970.0568832159042,-21389.15790939331,2781.193756606028,434.74120998750334
-661.1807250976562,23637.791108608246,1978.6983551979065,-21659.09275341034,848.6697232811961,879.3006163935399
-578.1541748046875,23428.044960856438,1970.2266014814377,-21457.818359375,2075.584993840827,1009.7443658696636
-662.5146484375,24008.39395260811,1986.0564863681793,-22022.33746623993,1007.9436302509014,508.1832294780209
-671.2685546875,23568.023051023483,1976.537014722824,-21591.48603630066,1977.074148518484,412.3272278997841
-641.02734375,23860.545275211334,1988.7036156654358,-21871.8416595459,3245.5148578465723,855.4925530463497
-648.5975952148438,23530.85648751259,1971.7874233722687,-21559.06906414032,2840.8744556321158,871.5390104614465
-684.1441650390625,23429.517775297165,1977.3666598796844,-21452.15111541748,1984.4682687420432,537.9768181154725
-697.307861328125,23936.864397525787,1988.0920147895813,-21948.772382736206,797.3170860939024,512.8339134451386
-707.5170288085938,23712.610314249992,1986.744644999504,-21725.86566925049,1162.610547001578,414.4135894760563
-683.0906372070312,23576.677054166794,1982.046915769577,-21594.630138397217,783.337774621427,1251.528962187712
-696.626708984375,23836.717015981674,1986.4368817806244,-21850.28013420105,1232.9087376257219,964.4569637806571
-598.8043212890625,23278.997988820076,1960.3916026353836,-21318.606386184692,2058.049568314987,719.0959544099803
-669.16259765625,23820.577764749527,1987.1336195468903,-21833.444145202637,529.2861885492061,424.9842455894412
-736.2156372070312,23765.387607097626,1996.71613073349,-21768.671476364136,663.3864191287537,767.9687679332944
-638.2771606445312,23242.74444258213,1970.9198414087296,-21271.8246011734,891.3820880779492,1057.1200724193975
-779.5703125,24228.235227704048,1997.2802582979202,-22230.954969406128,823.9170213344999,1181.784884387651
-730.6632690429688,24037.380170702934,1995.1235102415085,-22042.256660461426,1452.3159129659543,958.9609845756453
-662.3295288085938,23499.169781565666,1970.9399584531784,-21528.229823112488,1538.0287727249315,468.97737603215626
-677.892333984375,23626.1212348938,1981.9822235107422,-21644.139011383057,793.1083652928876,870.5140296968104
-777.361328125,23828.907310009003,1998.0746932029724,-21830.83261680603,771.0376991864216,790.2349254290726
-703.0850219726562,23864.05717229843,1989.303307056427,-21874.753865242004,596.6052710599739,406.16080495429287
-711.1771240234375,23619.46830201149,1976.7995626926422,-21642.668739318848,3054.3703104929145,453.9434782825223
-751.0134887695312,23801.774976611137,1990.0282496213913,-21811.746726989746,1028.570496702677,969.5460506930976
-748.1033325195312,24032.376118540764,1992.9421147108078,-22039.434003829956,1741.6244945559079,710.6153740766833
-744.2044067382812,23977.119945406914,1993.5075796842575,-21983.612365722656,488.02496742501796,442.7442690647931
-705.6849365234375,23679.777955174446,1977.0523682832718,-21702.725586891174,3273.8681685207657,520.7448663846544
-768.2566528320312,24134.671446561813,2001.1765296459198,-22133.494916915894,1482.036368881215,1356.5262945305014
-779.5505981445312,24117.438387036324,2001.8196994066238,-22115.6186876297,2082.157866654921,455.6158594420393
-744.4872436523438,23829.002207159996,1988.6620486974716,-21840.340158462524,2722.7712857000724,943.7217299453387
-732.0242919921875,23247.24494123459,1982.205391407013,-21265.039549827576,2504.559115816083,1151.9138315727866
-746.8241577148438,24174.695734024048,1997.8884563446045,-22176.807277679443,1555.5141904440834,736.7054984731086
-768.2346801757812,23839.04785680771,2000.3382487297058,-21838.709608078003,465.66723570107206,229.86211985853538
-725.8746948242188,23991.439135313034,1999.4634339809418,-21991.975701332092,2758.068908458393,907.4130402434721
-775.5975952148438,24066.801754117012,2003.0780707597733,-22063.72368335724,2452.686072142895,477.95052975909584
-787.6658935546875,23774.893639445305,1988.8350857496262,-21786.05855369568,1658.8460010171407,838.474796994124
-725.136962890625,23840.304722309113,1988.22510099411,-21852.079621315002,533.8642212268926,403.3763972093766
-818.3784790039062,24112.621458292007,2004.5993416309357,-22108.02211666107,1973.6834328714674,673.8129342362397
-818.9384155273438,24250.81234550476,2016.0196714401245,-22234.792674064636,1458.7423504334145,1012.6396539425508
-849.4519653320312,24491.858191370964,2014.1564720869064,-22477.701719284058,2825.2634473543576,416.91890464640665
-770.7007446289062,23688.627508044243,1991.2367228269577,-21697.390785217285,1243.0274312366726,451.2197358758109
-793.9484252929688,23521.84341454506,1995.397471666336,-21526.445942878723,810.4682292810996,1111.9560607956344
-808.120849609375,24084.7065461874,2004.768992781639,-22079.93755340576,1422.99322711948,896.0303303894885
-811.785400390625,24158.46482539177,2005.4474885463715,-22153.017336845398,1839.3559007219487,802.6117507626221
-839.9535522460938,24328.27957367897,2001.9862530231476,-22326.293320655823,2663.373419526791,583.1458437326266
-816.5137329101562,24262.355954527855,2000.863577246666,-22261.49237728119,1337.4836726846602,619.3854885339372
-863.3102416992188,24291.174569249153,2010.2052861452103,-22280.969283103943,2673.027804178876,299.92885688725227
-781.976806640625,23824.55448591709,1989.3018547296524,-21835.25263118744,1987.318287810432,444.4387769377934
-842.025634765625,24169.385313272476,2008.3122198581696,-22161.073093414307,560.6122248509616,342.5885455422525
-822.695068359375,23739.172207713127,2001.4832209348679,-21737.68898677826,654.15210190433,415.7904397662126
-791.0885009765625,23954.098736405373,1995.9726186990738,-21958.1261177063,464.862871785896,639.7272613008722
-863.314453125,24622.673277378082,2022.1499371528625,-22600.52334022522,652.4947893669931,399.45022021681564
-811.2698974609375,24293.173274755478,2014.4317967891693,-22278.74147796631,962.7060321810892,614.9367970098241
-859.0552978515625,24308.12127828598,2010.3369917869568,-22297.784286499023,915.2976992701526,328.12245065966476
-842.6088256835938,24662.037969350815,2017.0875108242035,-22644.95045852661,492.6685443408795,395.01195521557634
-865.6760864257812,24173.756576657295,2007.364287495613,-22166.392289161682,379.58847217033747,458.56073492095686
-794.1576538085938,24120.133815526962,2000.3351333141327,-22119.79868221283,2993.3626755588093,973.4116326257736
-914.5645751953125,24104.789581418037,2021.2550259828568,-22083.53455543518,469.6264739244395,321.00383809046696
-857.28125,24359.566610336304,2022.416389465332,-22337.15022087097,2130.3785121256615,605.176321980771
-854.6201171875,24916.30370092392,2029.557903766632,-22886.745797157288,591.3108375235267,470.31305967374647
-811.58837890625,23717.398157596588,1990.1881203651428,-21727.210037231445,665.9999185166315,838.2782378424824
-804.9000244140625,24027.994179964066,1985.4869005680084,-22042.507279396057,1572.6027723469124,642.3575815131248
-853.3409423828125,24426.75494515896,2024.81354367733,-22401.94140148163,1839.0689145141557,538.311859278093
-899.5215454101562,24388.223019719124,2024.459902882576,-22363.763116836548,984.9963946889198,1032.5996917862567
-884.1639404296875,24351.828494787216,2015.274659872055,-22336.55383491516,695.2803684570163,446.123937308717
-925.2469482421875,24694.378028154373,2036.6277973651886,-22657.750230789185,807.7829672605664,486.45672526153305
-849.896240234375,23967.21597647667,2009.8245599269867,-21957.391416549683,1470.4124059829853,980.1539205233805
-955.424560546875,24914.572618365288,2041.229978442192,-22873.342639923096,391.65083474230835,534.7378709344305
-843.2218017578125,24058.087243795395,2001.397899389267,-22056.689344406128,792.0618334157951,373.6731356845854
-898.4818115234375,24630.80253314972,2017.8428678512573,-22612.959665298462,307.02815650507944,411.33356656340567
-871.332763671875,24056.675624608994,2005.6239278316498,-22051.051696777344,2759.216012643434,715.171795825505
-934.7230834960938,24447.71259701252,2026.7876549959183,-22420.9249420166,2440.433140154923,657.3825846531951
-865.3330688476562,24244.694999098778,2012.7682069540024,-22231.926792144775,1604.4868348246916,963.82147437612
-925.0795288085938,24595.08370947838,2025.1055753231049,-22569.978134155273,2644.3765817988747,397.73178486024415
-862.2994384765625,24563.94317674637,2015.729275226593,-22548.213901519775,459.28928742253055,597.5604119152595
-969.4553833007812,24992.108825683594,2046.829659461975,-22945.27916622162,941.1547391582908,579.9837393218135
-892.9540405273438,24379.246508717537,2009.8990298509598,-22369.347478866577,1924.2274021066667,732.958102415535
-909.7594604492188,24541.81750690937,2026.4204865694046,-22515.397020339966,532.4594009726877,348.58056719360167
-861.0590209960938,24267.82009077072,2015.3090920448303,-22252.51099872589,1064.896043468931,686.7330583099322
-862.4640502929688,23890.701256275177,2007.0302710533142,-21883.670985221863,1803.2609802431537,435.56782362486194
-982.1461181640625,25036.64544546604,2044.0353046655655,-22992.610140800476,2644.582254085696,480.3601310953327
-943.6471557617188,24540.98563838005,2029.781797170639,-22511.20384120941,2335.9589999295376,698.8707449055615
-904.3053588867188,24582.13528561592,2026.2442438602448,-22555.891041755676,3616.098052944077,1060.6647945611728
-1028.4088134765625,25188.708394765854,2059.870815038681,-23128.837579727173,552.1405982683465,392.13732051109594
-890.3455200195312,24398.39563059807,2019.2913930416107,-22379.104237556458,2680.381906808757,630.1357078033959
-936.1060791015625,24789.235575199127,2035.4803853034973,-22753.75518989563,1234.196192340098,434.9287380773941
-918.02978515625,24578.35297715664,2021.9912637472153,-22556.361713409424,1254.5062609968209,574.2867486816742
-986.77197265625,24242.446648955345,2029.5142501592636,-22212.93239879608,1700.459688688584,762.2741350953359
-889.2661743164062,24116.780918955803,2000.2097300291061,-22116.571188926697,512.9633399979515,469.86166392282405
-953.3709106445312,24781.534685850143,2026.1473948955536,-22755.38729095459,2517.261793642886,404.6720448626636
-782.8776245117188,24432.38297212124,2020.1479543447495,-22412.23501777649,1290.9830761149499,815.4455781040159
-1003.5758056640625,25068.368121504784,2046.0496705770493,-23022.318450927734,408.8059451325697,328.1494330018711
-966.930908203125,24457.157311797142,2019.7851613759995,-22437.372150421143,289.3272213338431,406.7223246588656
-887.022216796875,23760.400387883186,2007.686797261238,-21752.71359062195,1189.2223731582433,553.8198520738557
-1002.0521240234375,25207.962715148926,2052.751901626587,-23155.21081352234,1941.684457329963,574.7084925523018
-931.76220703125,24655.21188569069,2031.9497606754303,-22623.26212501526,2819.3053011020284,1327.638289172535
-984.079345703125,24828.093092560768,2044.5026432275772,-22783.59044933319,2487.3187329122466,585.5892813107846
-948.6149291992188,24476.920426368713,2021.8221769332886,-22455.098249435425,1908.2705596120788,1602.3435569777964
-938.9075927734375,24597.83014011383,2029.874912261963,-22567.955227851868,1755.044398305711,566.2779139943126
-974.7890625,24902.909722447395,2028.0902606248856,-22874.81946182251,1317.743116822581,1295.1360753626516
-1028.9713134765625,24729.400485157967,2053.5090152025223,-22675.891469955444,1473.0189263215223,1486.7442699844382
-1006.1168212890625,25238.23484969139,2057.893525838852,-23180.34132385254,528.4335771701296,746.4690785687928
-927.051025390625,24218.828685879707,2001.5283776521683,-22217.30030822754,2974.1715474241164,748.064775170283
-891.3831787109375,24405.989464640617,2015.5517185926437,-22390.437746047974,1422.3751778173516,735.2392167053879
